Category,Total_Sales,Total_Profit,Total_Quantity,Profit_Margin_pct
Clothing,139054.0,11163.0,3516,8.027816531707106
Electronics,165267.0,10494.0,1154,6.349724990469967
Furniture,127181.0,2298.0,945,1.8068736682366076
